ticker,MAE,RMSE,folds,training_rows
A,0.014638508772768849,0.02020844170506521,5,450
AAPL,0.01239381372729308,0.016696840068433746,5,450
ABBV,0.012759761637389053,0.01706334302792737,5,450
ABNB,0.016102670284187794,0.022492443350117085,5,450
ABT,0.01191313183108178,0.016117488090538545,5,450
ACGL,0.011446377370935387,0.014577237695150656,5,450
ACN,0.020526677125242664,0.027548566231980515,5,450
ADBE,0.019119494546839044,0.024544543014646147,5,450
ADI,0.017072201530930513,0.022363666781661413,5,450
ADM,0.013697270781206939,0.01779547815959284,5,450
ADP,0.012831887106883044,0.0171954753223391,5,450
ADSK,0.01819018183979193,0.02419432416595173,5,450
AEE,0.009849913441548733,0.01206590660891782,5,450
AEP,0.010113133411793932,0.01306214891512974,5,450
AES,0.011284149803683877,0.017452097988791545,5,450
AFL,0.009764791513731757,0.012414144687629903,5,450
AIG,0.011539552711391229,0.015409883050574214,5,450
AIZ,0.011819072096150128,0.01660794537047298,5,450
AJG,0.014497919290683748,0.019560839039885054,5,450
AKAM,0.026187477394283426,0.03679718237288605,5,450
ALB,0.030553005810996105,0.0392295061280153,5,450
ALGN,0.022046625161199936,0.03211428512072803,5,450
ALL,0.013725974540785455,0.01748442487034133,5,450
ALLE,0.012236225871895611,0.017166884381376882,5,450
AMAT,0.02966824259689934,0.03843365792501957,5,450
AMCR,0.015039650803822538,0.0203825131973469,5,450
AMD,0.03271888956051537,0.044572229910157815,5,450
AME,0.011304127154695495,0.014878811094470864,5,450
AMGN,0.013524420923891603,0.019024668124282357,5,450
AMP,0.012676885325152812,0.016436379313531476,5,450
AMT,0.01322913151054857,0.01674668668652613,5,450
AMZN,0.016661735507361046,0.022929936991194583,5,450
ANET,0.03285755049282046,0.040525448747576756,5,450
AON,0.012956853995729264,0.017525071240544816,5,450
AOS,0.014212838888603987,0.018067746575272044,5,450
APA,0.02485135895339044,0.03146023364503657,5,450
APD,0.011522512631378693,0.015938048413719676,5,450
APH,0.020887454619802952,0.027603718787723126,5,450
APO,0.0174640872057525,0.023322824807587555,5,450
APP,0.03766055812365933,0.04855706400344819,5,450
APTV,0.020356711405548032,0.027175197300025617,5,450
ARE,0.02081927640179271,0.02843198149101216,5,450
ARES,0.019605020570082263,0.026168308951537815,5,450
ATO,0.008384213579885525,0.010580574290349785,5,450
AVGO,0.023010462403373955,0.030331208139684474,5,450
AVY,0.013895380965582436,0.017907391066614514,5,450
AWK,0.011026722191074052,0.014116359868754595,5,450
AXON,0.03135081560195414,0.041425482081441894,5,450
AXP,0.01216140888026904,0.01637438931854899,5,450
AZO,0.014296112427418137,0.018702417608960537,5,450
BA,0.01616517664503079,0.021125037530314788,5,450
BAC,0.010742833738613393,0.013918444435334524,5,450
BALL,0.012315090151928278,0.016903766723001083,5,450
BAX,0.020697470188872073,0.02973341827478232,5,450
BBY,0.018991824081494406,0.024824417976442963,5,450
BDX,0.012972217047183482,0.017218493567970002,5,450
BE,0.06804135460749725,0.08466872299026004,5,450
BEN,0.014022208456355678,0.01780348704341027,5,450
BF.B,0.01731537962126601,0.0235470562375669,5,450
BG,0.015796378989321083,0.02078349942478394,5,450
BIIB,0.017203293891763692,0.022927766510818678,5,450
BKNG,0.01749322894826257,0.02288575624338334,5,450
BKR,0.017500544936034913,0.022911433744601018,5,450
BLK,0.01350916550856362,0.017821370114048544,5,450
BMY,0.013939521216091428,0.018134624224127406,5,450
BNY,0.012186428761033602,0.015236761591636696,5,450
BR,0.01438680737072644,0.01925142128618755,5,450
BRK.B,0.007220007987542421,0.009231813994399266,5,450
BRO,0.014155219194231067,0.01978138937662336,5,450
BSX,0.01701523799449759,0.02340616309218858,5,450
BX,0.01801009592799925,0.02334573894048466,5,450
BXP,0.015386382205888194,0.01959300123295125,5,450
C,0.014526768522882271,0.019001605245319284,5,450
CAH,0.01304802406304828,0.01894917757530508,5,450
CARR,0.018470104285182844,0.02416609967704299,5,450
CASY,0.018006586441343227,0.025200115610088326,5,450
CAT,0.018607251012836466,0.02485979411959292,5,450
CB,0.009756216606465517,0.01283399356203076,5,450
CBOE,0.015769985183815116,0.020135162642400485,5,450
CBRE,0.015594406890224627,0.02078698173787804,5,450
CCI,0.01491599643499554,0.019438194552298494,5,450
CCL,0.021468767916987232,0.029198181855830223,5,450
CDNS,0.02032751334976006,0.027133253313861315,5,450
CDW,0.019513461083188126,0.02739295815234937,5,450
CEG,0.022998417640070913,0.02988741481877267,5,450
CF,0.020251326487734294,0.026425250635569036,5,450
CFG,0.012702470523376554,0.017153847109318145,5,450
CHD,0.011043513928040757,0.014441819209410203,5,450
CHRW,0.018991138850812293,0.030273014123829517,5,450
CHTR,0.02691451249622428,0.03524146687970932,5,450
CI,0.015006073194351089,0.02049158489605495,5,450
CIEN,0.03780476762383158,0.04954159650721286,5,450
CINF,0.010926457902295638,0.014164762574232612,5,450
CL,0.012047768357672444,0.014886050731779673,5,450
CLX,0.014895122169002548,0.01906843465173293,5,450
CMCSA,0.015306715866752224,0.020367941869331253,5,450
CME,0.012191423450327282,0.015292374500940073,5,450
CMG,0.020771616933607375,0.02828601984676108,5,450
CMI,0.018404839179302246,0.023615479076877676,5,450
CMS,0.009466436658805694,0.01152747920315568,5,450
CNC,0.02898527873104706,0.038038269193217206,5,450
CNP,0.009020783097996277,0.011184455146106087,5,450
COF,0.0149664904304675,0.019751216611159,5,450
COHR,0.04531842549846508,0.05767245315834775,5,450
COIN,0.03674819871401118,0.046779936826533634,5,450
COO,0.017051289983152685,0.023296996695612214,5,450
COP,0.019487476871666208,0.023492375596526012,5,450
COR,0.013197872124589926,0.019130920039897498,5,450
COST,0.009940200779772899,0.012531836850436417,5,450
CPAY,0.01784196619246256,0.023582375119848894,5,450
CPRT,0.01353258627815973,0.01851792189173799,5,450
CPT,0.011083496606367326,0.013737513353424238,5,450
CRH,0.017170818459179386,0.02184588903570387,5,450
CRL,0.023092596989401352,0.03130596090678025,5,450
CRM,0.02209244967411119,0.029872065872196225,5,450
CRWD,0.025331448015437196,0.03372045296256161,5,450
CSCO,0.017239121252623106,0.02317276549257601,5,450
CSGP,0.020572665789904025,0.027654660180485423,5,450
CSX,0.011319327221107492,0.015060969171915625,5,450
CTAS,0.011201684768181772,0.0148816987860305,5,450
CTSH,0.017823493005050768,0.024806607505658558,5,450
CTVA,0.012871417972469528,0.01724244346211214,5,450
CVNA,0.030424862289011513,0.03974159442673411,5,450
CVS,0.018464523970035257,0.02335948292789476,5,450
CVX,0.016005413372055615,0.019020486249356122,5,450
D,0.010144275834307425,0.013534334901634216,5,450
DAL,0.020079580934222744,0.025967314178659988,5,450
DASH,0.022288968541653346,0.029608232388493,5,450
DD,0.014790629931472763,0.0193399367429739,5,450
DDOG,0.02727997142739284,0.04196752928774029,5,450
DE,0.014771934875589865,0.02037233034290249,5,450
DECK,0.02062984598041161,0.02844780877840088,5,450
DELL,0.03110445167647984,0.04323369666734592,5,450
DG,0.01753477454865023,0.023418051252071408,5,450
DGX,0.011175923125286643,0.01598104015788483,5,450
DHI,0.018069032652503272,0.024645965280944752,5,450
DHR,0.016181556873975496,0.021338954076168364,5,450
DIS,0.01210929961951512,0.016031911879631336,5,450
DLR,0.012920167091038614,0.01711579259814858,5,450
DLTR,0.020202527439766065,0.026306820641728124,5,450
DOC,0.012282159572990184,0.017589255620173567,5,450
DOV,0.012232284817520436,0.016282092642692345,5,450
DOW,0.025098275391607906,0.03310299045348593,5,450
DPZ,0.01569111946109603,0.020070588370468986,5,450
DRI,0.014273741012646704,0.018254417470661255,5,450
DTE,0.009564841869759654,0.01173478383464113,5,450
DUK,0.008995240050916824,0.010978934546960447,5,450
DVA,0.01826090145642139,0.02871479500826788,5,450
DVN,0.019919407093818946,0.024903133150769335,5,450
DXCM,0.018153310988656367,0.026127041392799866,5,450
EBAY,0.01924190167047196,0.026590985521994803,5,450
ECHO,0.03140159251822051,0.049435528083562934,5,450
ECL,0.010612809098676672,0.013716351596554752,5,450
ED,0.009080414947240077,0.011120412966625299,5,450
EFX,0.019844879181688653,0.02637225545111523,5,450
EG,0.0118444341454067,0.01599383814076216,5,450
EIX,0.01620744455209674,0.0223771135808498,5,450
EL,0.02326521634008657,0.03229233212617398,5,450
ELV,0.020093517306248865,0.025949726396973516,5,450
EME,0.019559602516468193,0.02709633331522267,5,450
EMR,0.01578794140616996,0.020037140373882593,5,450
EOG,0.015299937899051621,0.0189530244480391,5,450
EQIX,0.01182367387839815,0.015627712953506585,5,450
EQT,0.015353964507976058,0.019607707984991774,5,450
ERIE,0.017436531775994323,0.022611333361801683,5,450
ES,0.011495789047280238,0.01539456979021335,5,450
ESS,0.010640893408216993,0.014006278487934676,5,450
ETN,0.01985712830340237,0.024950221247418802,5,450
ETR,0.011370709406975685,0.014677942905619834,5,450
EVRG,0.009897520825571502,0.01185391562459678,5,450
EW,0.012308547435472397,0.01615197360917271,5,450
EXC,0.009864569067377033,0.012426928562425476,5,450
EXE,0.014803229717146376,0.019071783870063592,5,450
EXPD,0.016275806707083597,0.022649437854177605,5,450
EXPE,0.023034905812075273,0.03138441666495232,5,450
EXR,0.012075136755253032,0.015832803246758332,5,450
F,0.017230750036540638,0.023382119280786325,5,450
FANG,0.016523372253441727,0.020592737657059004,5,450
FAST,0.012481258616827164,0.01619730869881713,5,450
FCX,0.02645876093753618,0.034601148188889846,5,450
FDS,0.023047096202300464,0.0308546280980245,5,450
FDX,0.015203362638256671,0.01997534902544046,5,450
FE,0.008841330327803366,0.010884142274836538,5,450
FERG,0.014643709381377249,0.019486364098584563,5,450
FFIV,0.019936318910753266,0.02567227354519815,5,450
FICO,0.024781519645798465,0.03753579410557149,5,450
FIS,0.016209157941100012,0.02172233051293152,5,450
FISV,0.020182897600221232,0.03312773010965485,5,450
FITB,0.012238008601587013,0.016335029017635866,5,450
FIX,0.028530026391857855,0.03847859902485927,5,450
FLEX,0.02818365637483606,0.03995642827019792,5,450
FOX,0.01688229309470584,0.023063774087621704,5,450
FOXA,0.01720990601667835,0.023343992616901794,5,450
FRT,0.00987411014844702,0.012607392387272588,5,450
FSLR,0.027447928473520938,0.03658751539209809,5,450
FTNT,0.021282831486668534,0.030131070673911575,5,450
FTV,0.012416972044985415,0.016370088232422014,5,450
GD,0.010637006623465908,0.014101912552721654,5,450
GDDY,0.021579809266068287,0.02978486368941836,5,450
GE,0.0160889974180871,0.020202677011328662,5,450
GEHC,0.016224318048997446,0.022322655848337182,5,450
GEN,0.01852073963298869,0.025422373196759572,5,450
GEV,0.025845985292692292,0.03476295828848724,5,450
GILD,0.013740827565679375,0.01785889605272352,5,450
GIS,0.013747106670775121,0.0179226742770261,5,450
GL,0.013523551397802291,0.016751253840230036,5,450
GLW,0.03323772578853953,0.0433546841024332,5,450
GM,0.016946113594183302,0.023340071504965153,5,450
GNRC,0.025920845044834617,0.03682515324262249,5,450
GOOG,0.015573808855786797,0.021134295957842917,5,450
GOOGL,0.016043457813047755,0.021670894827662497,5,450
GPC,0.01521934461335292,0.02051657857917079,5,450
GPN,0.019324231830483363,0.02594603044571179,5,450
GRMN,0.018165334045235206,0.024656608817372028,5,450
GS,0.014806121773413033,0.019650698520514636,5,450
GWW,0.011375969983102096,0.016087214032487734,5,450
HAL,0.018704263405879384,0.023420078226133668,5,450
HAS,0.013544655369179714,0.018655263139950563,5,450
HBAN,0.012830852608395681,0.0165904037177322,5,450
HCA,0.014281912244452171,0.019396363488706467,5,450
HD,0.013161919408852233,0.016569831067475713,5,450
HIG,0.009844822881960064,0.012624303281685487,5,450
HII,0.01729652040246471,0.024882522502501326,5,450
HLT,0.011688094160143131,0.015223980739588933,5,450
HON,0.012892911448655228,0.01726738171177331,5,450
HOOD,0.03551996791992085,0.04630333959064359,5,450
HPE,0.026487847323567237,0.03560887826188445,5,450
HPQ,0.020929262870239378,0.027669243938905363,5,450
HRL,0.013635259546104745,0.01984251928960323,5,450
HSIC,0.012933006802391744,0.017411431009241602,5,450
HST,0.013101708141108438,0.017091653716339472,5,450
HSY,0.01490818661558802,0.018717412219068103,5,450
HUBB,0.0154059519305596,0.019512596134101418,5,450
HUM,0.023520917236208548,0.03203931806850606,5,450
HWM,0.016479370479075973,0.02167537335471941,5,450
IBKR,0.020797098443511707,0.026167064814187124,5,450
IBM,0.019173427288781554,0.028982651265448262,5,450
ICE,0.011378241953405172,0.015072826108667312,5,450
IDXX,0.015927342403887258,0.025214981539148723,5,450
IEX,0.013315117173416352,0.01725896953186017,5,450
IFF,0.015801430025011907,0.022215831216905974,5,450
ILMN,0.02365106609505175,0.03244721167970442,5,450
INCY,0.017279773016733332,0.02354653033677393,5,450
INTC,0.04019867449420284,0.053204363410938274,5,450
INTU,0.02548831690740474,0.03266855350228977,5,450
INVH,0.011403200976363593,0.01436448897564048,5,450
IP,0.022319250217790944,0.029644348979896585,5,450
IQV,0.018547195273311577,0.027099550401390792,5,450
IR,0.015883718759179363,0.021299426368709528,5,450
IRM,0.01602472562969345,0.02138077892838381,5,450
ISRG,0.01772525772466993,0.025015269495917737,5,450
IT,0.023531500514756144,0.03643412089574381,5,450
ITW,0.010323479750939337,0.013673277446370657,5,450
IVZ,0.017715610277877807,0.022781605367839786,5,450
J,0.014411051031041015,0.019716448408932,5,450
JBHT,0.01834625050492077,0.026418078261269386,5,450
JBL,0.023385565091715615,0.02995189517467988,5,450
JCI,0.015250281118117642,0.020056983874910634,5,450
JKHY,0.014534295518982634,0.01912613651141769,5,450
JNJ,0.010212148316742704,0.012682842369058454,5,450
JPM,0.011185184245447337,0.014239554524066389,5,450
KDP,0.013391643197943262,0.01846296517335604,5,450
KEY,0.011953875950136233,0.015314225246339172,5,450
KEYS,0.01988001155842428,0.02789533435768295,5,450
KHC,0.012943643974498358,0.016737585529032595,5,450
KIM,0.009879594083628252,0.012587350975676235,5,450
KKR,0.01870628290264073,0.02445922643196709,5,450
KLAC,0.028398256839327896,0.03801471108706013,5,450
KMB,0.012105877985945462,0.017147348921996344,5,450
KMI,0.012312878105907065,0.015382899495073082,5,450
KO,0.009096797938710611,0.012049625588521237,5,450
KR,0.013821618198886897,0.017895700727233493,5,450
KVUE,0.013767111830778677,0.019206942163811025,5,450
L,0.008954055548347141,0.01152964921058047,5,450
LDOS,0.01565244478657045,0.02168272135263023,5,450
LEN,0.019762237830100983,0.025859049970521623,5,450
LH,0.01319348744952085,0.01700596176731908,5,450
LHX,0.013385512186941556,0.017288078159449858,5,450
LII,0.019555627985358006,0.026443135630036252,5,450
LIN,0.009178028995876653,0.011907621905853765,5,450
LITE,0.053118780953656505,0.06480738067475503,5,450
LLY,0.018238986672976635,0.025347543212029745,5,450
LMT,0.013641136355664515,0.018974711425520513,5,450
LNT,0.010468523093552595,0.012786063067217582,5,450
LOW,0.013921612824703722,0.017632279122110423,5,450
LRCX,0.031425914193269074,0.040280608829637375,5,450
LULU,0.021710697859801505,0.029745914332327723,5,450
LUV,0.0217602328671593,0.028864939767759973,5,450
LVS,0.016154410908308516,0.022259537648723033,5,450
LYB,0.023597831588422373,0.03027067972558279,5,450
LYV,0.014742307566665138,0.01940801073887148,5,450
MA,0.010671863091776873,0.013977606501981784,5,450
MAA,0.009847247319990931,0.01266213201645756,5,450
MAR,0.013055974756974776,0.017246757264158172,5,450
MAS,0.016137582926622256,0.022030852569620694,5,450
MCD,0.010374253076759845,0.01298912737347882,5,450
MCHP,0.02299739500908687,0.030871083146933893,5,450
MCK,0.013685214972006357,0.019414053803690323,5,450
MCO,0.01303206288286574,0.016969651276020202,5,450
MDLZ,0.011490243814341425,0.01499896194051866,5,450
MDT,0.011692965861836015,0.015247763662336924,5,450
MET,0.01171899075906427,0.015377597940977636,5,450
META,0.017778075685182214,0.02583881595224749,5,450
MGM,0.018601975334152802,0.026157555919376678,5,450
MKC,0.014594094610377514,0.018383837856912916,5,450
MLM,0.013739512144915709,0.017606527035219074,5,450
MMM,0.01340809564261906,0.017672750025368805,5,450
MNST,0.012785790752982914,0.017644587651870807,5,450
MO,0.012505075448779957,0.016785577448934805,5,450
MOS,0.02257981943099244,0.02940725374458191,5,450
MPC,0.017347751093579937,0.02218405389261946,5,450
MPWR,0.026294417369328915,0.034177460371059294,5,450
MRK,0.013640237551462608,0.019240484457105255,5,450
MRNA,0.04159261933450814,0.08325582402325771,5,450
MRSH,0.011484628177413024,0.015646892756432766,5,450
MRVL,0.038560764405298605,0.05156667997192399,5,450
MS,0.01439717839779071,0.01812845418189447,5,450
MSCI,0.013399421140174736,0.01915472077181395,5,450
MSFT,0.013580155727088521,0.018859515995844383,5,450
MSI,0.012883509475747549,0.01772366838838101,5,450
MTB,0.010793092012967308,0.013805305602737008,5,450
MTD,0.015249273924302443,0.020423739927841973,5,450
MU,0.040246443907932625,0.05175645661003272,5,450
NCLH,0.026153409001682983,0.033988321165169776,5,450
NDAQ,0.012144745974039133,0.016843646357913626,5,450
NDSN,0.01309463045874926,0.01677577313230705,5,450
NEE,0.011108600414602269,0.014551852392786618,5,450
NEM,0.026618832722293935,0.03357114694188671,5,450
NFLX,0.017899550860441312,0.02417421758547482,5,450
NI,0.010108794195208316,0.0126327753526983,5,450
NKE,0.019234356940042146,0.02533669852686358,5,450
NOC,0.017024414922553917,0.021095012096739696,5,450
NOW,0.02606715154499259,0.03482491515992906,5,450
NRG,0.02305899633016264,0.03095753336007464,5,450
NSC,0.009776402017236544,0.013391238538358174,5,450
NTAP,0.01867373271535324,0.026445029954880378,5,450
NTRS,0.011976190939344367,0.016007651011219173,5,450
NUE,0.01712697199245883,0.02146240433403259,5,450
NVDA,0.01858356038463008,0.02366319250383635,5,450
NVR,0.014102277091140697,0.01821643802520986,5,450
NWS,0.012765988713829297,0.017271236913335087,5,450
NWSA,0.012660904008550283,0.01673854462060454,5,450
NXPI,0.02076714710018842,0.028957860810517155,5,450
O,0.00876041563751685,0.011102712177480278,5,450
ODFL,0.020930761043303447,0.026922521588471325,5,450
OKE,0.015659294357798666,0.019242257345070367,5,450
OMC,0.016211460330165163,0.02224902533843919,5,450
ON,0.02897538335436099,0.039160041228845054,5,450
ORCL,0.029814446579667232,0.04179825756849946,5,450
ORLY,0.012355533306338437,0.016344357019717027,5,450
OTIS,0.011142933054689316,0.015362180451947085,5,450
OXY,0.01821668065536046,0.023150751931555465,5,450
P,0.033749834947031265,0.04900406691398632,5,450
PANW,0.02331376148375025,0.030633819382272165,5,450
PAYX,0.014707106167421491,0.019053067591016944,5,450
PCAR,0.013361635733180272,0.017632391442119286,5,450
PCG,0.015294689412576223,0.02104426159381817,5,450
PEG,0.009909833491879424,0.012489879667478887,5,450
PEP,0.010265003358059563,0.013613601754681782,5,450
PFE,0.011727834052907315,0.015583769075692793,5,450
PFG,0.011642358492705404,0.01516598389762556,5,450
PG,0.00989940221596148,0.012291527588961867,5,450
PGR,0.012451301270410237,0.016848979882424155,5,450
PH,0.012383440999159258,0.016535111979470506,5,450
PHM,0.016749086928783786,0.022191932518730605,5,450
PKG,0.01279649090678433,0.01763035003509975,5,450
PLD,0.011961005306517971,0.015181463372920373,5,450
PLTR,0.026521063052464842,0.03785287612303335,5,450
PM,0.015387864675461091,0.01988194006934782,5,450
PNC,0.010581579159923495,0.013574545947544401,5,450
PNR,0.015317046599293777,0.021356682073017535,5,450
PNW,0.009354600165469702,0.0115171424917512,5,450
PODD,0.021432820708105173,0.02913978085975012,5,450
PPG,0.01454462992097012,0.01868593065884036,5,450
PPL,0.009799726233214389,0.012030954272466114,5,450
PRU,0.012076806489098835,0.01528041365739342,5,450
PSA,0.011909045912986176,0.015056567121341818,5,450
PSKY,0.03345931608814985,0.04614190242375125,5,450
PSX,0.017885778327011832,0.02283690851298572,5,450
PTC,0.016353305157138058,0.02204211622829629,5,450
PWR,0.01938546158573498,0.026768944227857295,5,450
PYPL,0.018602291505786673,0.027149314369214937,5,450
QCOM,0.02345031826940255,0.031380293796778855,5,450
RCL,0.021129390124081642,0.02831014027520028,5,450
RDDT,0.03518260699583886,0.04644692000892297,5,450
REG,0.008883020810842357,0.011326768890525779,5,450
REGN,0.018094392997332072,0.02354944869963731,5,450
RF,0.011787118790844061,0.015389886932127122,5,450
RJF,0.012455031976499619,0.016420868022290303,5,450
RL,0.016347962693523205,0.02179242134992963,5,450
RMD,0.014969964026622692,0.019342646079680573,5,450
ROK,0.015118292959853525,0.019715052346637858,5,450
ROL,0.012494295068770162,0.017827924482804715,5,450
ROP,0.012829040799895658,0.01762585989705126,5,450
ROST,0.013230902581086019,0.017869590332117193,5,450
RSG,0.009333124130408137,0.012202892364650766,5,450
RTX,0.012822450993795956,0.01714894987200856,5,450
RVTY,0.019259255509370184,0.02567926733210113,5,450
SBAC,0.01659291899121587,0.022263590223897223,5,450
SBUX,0.01345341339702096,0.017623211260581396,5,450
SCHW,0.013187510020574436,0.01712568782554608,5,450
SHW,0.014031882233554763,0.017875939317149158,5,450
SJM,0.01304228192182226,0.01731097567214667,5,450
SLB,0.01725602809447431,0.023114595967509234,5,450
SMCI,0.04138646816826354,0.05731273140653955,5,450
SNA,0.010183732904461642,0.012903651194638752,5,450
SNPS,0.021910570027325417,0.03279915513565686,5,450
SO,0.00869443448339533,0.010929457832129058,5,450
SOLV,0.015586399537698964,0.019824788226127273,5,450
SPG,0.010868635909348851,0.013772610128711022,5,450
SPGI,0.013552967590557463,0.018830276871854356,5,450
SRE,0.012081096515534477,0.015402174452197322,5,450
STE,0.012056529970426276,0.01660350328699216,5,450
STLD,0.018340663373952584,0.023597377083934702,5,450
STT,0.015120930261030233,0.018378780799494277,5,450
STX,0.03422470908191009,0.04461293559863909,5,450
STZ,0.014712901223256464,0.01953291260688419,5,450
SW,0.020240916956136397,0.02712455587577372,5,450
SWK,0.018730477980650827,0.02443953833303198,5,450
SWKS,0.022418472924639183,0.030895755214886318,5,450
SYF,0.014862769267557904,0.019487993177303955,5,450
SYK,0.014083748845938932,0.018305798495548982,5,450
SYY,0.011025853023521414,0.01560148826033612,5,450
T,0.012436233255143328,0.015890070558531654,5,450
TDG,0.0137718412654279,0.0190477355954752,5,450
TDY,0.012632286919002844,0.01644832230583931,5,450
TECH,0.01955296504509673,0.02644650014978257,5,450
TEL,0.015675807255482618,0.021803213392841893,5,450
TER,0.03404110105518666,0.04672930051480527,5,450
TFC,0.011781283363595626,0.015261755941140754,5,450
TGT,0.016585588148824302,0.02095311237505155,5,450
TJX,0.010546508103506413,0.013575571917635771,5,450
TKO,0.015597257755361684,0.020846917726207594,5,450
TMO,0.014491682269514633,0.020008084992528534,5,450
TMUS,0.013873059933143639,0.018813310893247025,5,450
TPL,0.023806857905299537,0.03158384416391079,5,450
TPR,0.019375793458977934,0.028041699371446238,5,450
TRGP,0.015950056591107244,0.019904060116066033,5,450
TRMB,0.01566557416485151,0.020090083999132795,5,450
TROW,0.011565185121006663,0.01535465045264484,5,450
TRV,0.010134109633241588,0.013491132689833717,5,450
TSCO,0.016527302663444626,0.021172380542060373,5,450
TSLA,0.024003041288305483,0.030703901496245117,5,450
TSN,0.01233490154622159,0.01662072993453282,5,450
TT,0.013730221322958477,0.018333048200401474,5,450
TTWO,0.015717160105638502,0.021322967805916353,5,450
TXN,0.01850461933097607,0.026200203211235795,5,450
TXT,0.013423890326056936,0.01785403772193756,5,450
TYL,0.01834709882553808,0.025258335703403707,5,450
UAL,0.023833530607551483,0.030252000352655305,5,450
UBER,0.01637946082172937,0.02178496173494292,5,450
UDR,0.010417794935075577,0.013540475640446891,5,450
UHS,0.01595853484275478,0.021335897223375876,5,450
ULTA,0.016781387755050028,0.023258599595060443,5,450
UNH,0.01695552873931195,0.02382947193320987,5,450
UNP,0.010869673645032076,0.014598835353155173,5,450
UPS,0.01655337224690342,0.022193644978312693,5,450
URI,0.018116423456603657,0.02673708580078591,5,450
USB,0.011462579683792393,0.014789671840915428,5,450
V,0.010775319511154551,0.014284159780846992,5,450
VEEV,0.019125055484269265,0.026472097806546836,5,450
VICI,0.0091348313908166,0.011845397787761381,5,450
VLO,0.019451759586597554,0.02529639479788535,5,450
VLTO,0.010459381615473062,0.013957275916653156,5,450
VMC,0.013609676033616864,0.01744034535235826,5,450
VMRK,0.01046638268445405,0.013524776612760303,5,450
VRSK,0.01658771820746548,0.02242737472742903,5,450
VRSN,0.013758092649829546,0.01924322723573315,5,450
VRT,0.033384086011115685,0.04467459998529076,5,450
VRTX,0.014982857512761507,0.02162995264455938,5,450
VST,0.024357460722722504,0.031035388268762586,5,450
VTR,0.011838554237016356,0.015313950736806808,5,450
VTRS,0.016245117034194498,0.02194951116897581,5,450
VZ,0.011547493119096397,0.015859618477603508,5,450
WAB,0.01304580252241944,0.017616032285029733,5,450
WAT,0.016211065098508164,0.02291292507963334,5,450
WBD,0.019477002717886816,0.02830445155500074,5,450
WDAY,0.02576260325586993,0.0340849562756166,5,450
WDC,0.03774352571263135,0.048809260360474546,5,450
WEC,0.008688899985385827,0.010549490583007911,5,450
WELL,0.01106331542501576,0.01424110813397926,5,450
WFC,0.013451670704583602,0.017227187607161944,5,450
WM,0.009489444235493468,0.01231210554723923,5,450
WMB,0.013527424980239594,0.01698117683274154,5,450
WMT,0.012094884124435823,0.016607049184114722,5,450
WRB,0.010389757706452203,0.013448430086804103,5,450
WSM,0.017472248433164562,0.022173756942939302,5,450
WST,0.02148747044785356,0.03056011644535046,5,450
WTW,0.01310045692513328,0.01870456996078391,5,450
WY,0.01323733739595102,0.0174117833185579,5,450
WYNN,0.016727491796949583,0.021702379816243032,5,450
XEL,0.011004034700986544,0.014158457436166543,5,450
XOM,0.014701796287509871,0.018232416162050312,5,450
XYL,0.011717453334061002,0.016424687910375945,5,450
XYZ,0.02144139317878211,0.02847511860581613,5,450
YUM,0.01282930171882853,0.01632298840884789,5,450
ZBH,0.014796173021209238,0.02053590212045024,5,450
ZBRA,0.021299171774573272,0.03125186487394492,5,450
ZTS,0.014598989960487464,0.02139136007274416,5,450
